--
-- PostgreSQL database dump
--

-- Dumped from database version 10.3
-- Dumped by pg_dump version 10.3

SET statement_timeout = 0;
SET lock_timeout = 0;
SET idle_in_transaction_session_timeout = 0;
SET client_encoding = 'UTF8';
SET standard_conforming_strings = on;
SELECT pg_catalog.set_config('search_path', '', false);
SET check_function_bodies = false;
SET client_min_messages = warning;
SET row_security = off;

--
-- Name: plpgsql; Type: EXTENSION; Schema: -; Owner: 
--

CREATE EXTENSION IF NOT EXISTS plpgsql WITH SCHEMA pg_catalog;


--
-- Name: EXTENSION plpgsql; Type: COMMENT; Schema: -; Owner: 
--

COMMENT ON EXTENSION plpgsql IS 'PL/pgSQL procedural language';


--
-- Name: budget_seq; Type: SEQUENCE; Schema: public; Owner: postgres
--

CREATE SEQUENCE public.budget_seq
    START WITH 1
    INCREMENT BY 1
    NO MINVALUE
    NO MAXVALUE
    CACHE 1;


ALTER TABLE public.budget_seq OWNER TO postgres;

SET default_tablespace = '';

SET default_with_oids = false;

--
-- Name: m_user; Type: TABLE; Schema: public; Owner: kakeibot
--

CREATE TABLE public.m_user (
    id character varying(256) NOT NULL,
    user_id character varying(25),
    line_id character varying(256) NOT NULL,
    created_at character varying(14) NOT NULL,
    updated_at character varying(14) NOT NULL
);


ALTER TABLE public.m_user OWNER TO kakeibot;

--
-- Name: TABLE m_user; Type: COMMENT; Schema: public; Owner: kakeibot
--

COMMENT ON TABLE public.m_user IS 'ユーザーマスタ';


--
-- Name: COLUMN m_user.id; Type: COMMENT; Schema: public; Owner: kakeibot
--

COMMENT ON COLUMN public.m_user.id IS 'ID';


--
-- Name: COLUMN m_user.user_id; Type: COMMENT; Schema: public; Owner: kakeibot
--

COMMENT ON COLUMN public.m_user.user_id IS 'ユーザーID';


--
-- Name: COLUMN m_user.line_id; Type: COMMENT; Schema: public; Owner: kakeibot
--

COMMENT ON COLUMN public.m_user.line_id IS 'LINEID';


--
-- Name: COLUMN m_user.created_at; Type: COMMENT; Schema: public; Owner: kakeibot
--

COMMENT ON COLUMN public.m_user.created_at IS '作成日';


--
-- Name: COLUMN m_user.updated_at; Type: COMMENT; Schema: public; Owner: kakeibot
--

COMMENT ON COLUMN public.m_user.updated_at IS '更新日';


--
-- Name: onetime_seq; Type: SEQUENCE; Schema: public; Owner: kakeibot
--

CREATE SEQUENCE public.onetime_seq
    START WITH 1
    INCREMENT BY 1
    NO MINVALUE
    NO MAXVALUE
    CACHE 1;


ALTER TABLE public.onetime_seq OWNER TO kakeibot;

--
-- Name: payment_seq; Type: SEQUENCE; Schema: public; Owner: kakeibot
--

CREATE SEQUENCE public.payment_seq
    START WITH 1
    INCREMENT BY 1
    NO MINVALUE
    NO MAXVALUE
    CACHE 1;


ALTER TABLE public.payment_seq OWNER TO kakeibot;

--
-- Name: t_budget; Type: TABLE; Schema: public; Owner: kakeibot
--

CREATE TABLE public.t_budget (
    id character varying(256) NOT NULL,
    line_id character varying(256) NOT NULL,
    category_id character varying(10) NOT NULL,
    price character varying(256),
    created_at character varying(14) NOT NULL,
    updated_at character varying(14) NOT NULL
);


ALTER TABLE public.t_budget OWNER TO kakeibot;

--
-- Name: TABLE t_budget; Type: COMMENT; Schema: public; Owner: kakeibot
--

COMMENT ON TABLE public.t_budget IS '予算';


--
-- Name: COLUMN t_budget.id; Type: COMMENT; Schema: public; Owner: kakeibot
--

COMMENT ON COLUMN public.t_budget.id IS 'ID';


--
-- Name: COLUMN t_budget.line_id; Type: COMMENT; Schema: public; Owner: kakeibot
--

COMMENT ON COLUMN public.t_budget.line_id IS 'LINEID';


--
-- Name: COLUMN t_budget.category_id; Type: COMMENT; Schema: public; Owner: kakeibot
--

COMMENT ON COLUMN public.t_budget.category_id IS 'カテゴリID';


--
-- Name: COLUMN t_budget.price; Type: COMMENT; Schema: public; Owner: kakeibot
--

COMMENT ON COLUMN public.t_budget.price IS '予算金額';


--
-- Name: COLUMN t_budget.created_at; Type: COMMENT; Schema: public; Owner: kakeibot
--

COMMENT ON COLUMN public.t_budget.created_at IS '作成日';


--
-- Name: COLUMN t_budget.updated_at; Type: COMMENT; Schema: public; Owner: kakeibot
--

COMMENT ON COLUMN public.t_budget.updated_at IS '更新日';


--
-- Name: t_payment; Type: TABLE; Schema: public; Owner: kakeibot
--

CREATE TABLE public.t_payment (
    id character varying(256) NOT NULL,
    line_id character varying(256) NOT NULL,
    category_id character varying(4) NOT NULL,
    price character varying(10),
    created_at character varying(14) NOT NULL,
    updated_at character varying(14) NOT NULL
);


ALTER TABLE public.t_payment OWNER TO kakeibot;

--
-- Name: TABLE t_payment; Type: COMMENT; Schema: public; Owner: kakeibot
--

COMMENT ON TABLE public.t_payment IS '支払い';


--
-- Name: COLUMN t_payment.id; Type: COMMENT; Schema: public; Owner: kakeibot
--

COMMENT ON COLUMN public.t_payment.id IS 'ID';


--
-- Name: COLUMN t_payment.line_id; Type: COMMENT; Schema: public; Owner: kakeibot
--

COMMENT ON COLUMN public.t_payment.line_id IS 'LINEID';


--
-- Name: COLUMN t_payment.category_id; Type: COMMENT; Schema: public; Owner: kakeibot
--

COMMENT ON COLUMN public.t_payment.category_id IS 'カテゴリID';


--
-- Name: COLUMN t_payment.price; Type: COMMENT; Schema: public; Owner: kakeibot
--

COMMENT ON COLUMN public.t_payment.price IS '支払い金額';


--
-- Name: COLUMN t_payment.created_at; Type: COMMENT; Schema: public; Owner: kakeibot
--

COMMENT ON COLUMN public.t_payment.created_at IS '作成日';


--
-- Name: COLUMN t_payment.updated_at; Type: COMMENT; Schema: public; Owner: kakeibot
--

COMMENT ON COLUMN public.t_payment.updated_at IS '更新日';


--
-- Name: t_user_pay_category; Type: TABLE; Schema: public; Owner: kakeibot
--

CREATE TABLE public.t_user_pay_category (
    id character varying(10) NOT NULL,
    line_id character varying(256) NOT NULL,
    name character varying(256) NOT NULL,
    created_at character varying(14) NOT NULL,
    updated_at character varying(14) NOT NULL
);


ALTER TABLE public.t_user_pay_category OWNER TO kakeibot;

--
-- Name: TABLE t_user_pay_category; Type: COMMENT; Schema: public; Owner: kakeibot
--

COMMENT ON TABLE public.t_user_pay_category IS 'ユーザー支払いカテゴリ';


--
-- Name: COLUMN t_user_pay_category.id; Type: COMMENT; Schema: public; Owner: kakeibot
--

COMMENT ON COLUMN public.t_user_pay_category.id IS 'ID:カテゴリーマスタと被らないように注意';


--
-- Name: COLUMN t_user_pay_category.line_id; Type: COMMENT; Schema: public; Owner: kakeibot
--

COMMENT ON COLUMN public.t_user_pay_category.line_id IS 'LINEID';


--
-- Name: COLUMN t_user_pay_category.name; Type: COMMENT; Schema: public; Owner: kakeibot
--

COMMENT ON COLUMN public.t_user_pay_category.name IS 'カテゴリ名称';


--
-- Name: COLUMN t_user_pay_category.created_at; Type: COMMENT; Schema: public; Owner: kakeibot
--

COMMENT ON COLUMN public.t_user_pay_category.created_at IS '作成日';


--
-- Name: COLUMN t_user_pay_category.updated_at; Type: COMMENT; Schema: public; Owner: kakeibot
--

COMMENT ON COLUMN public.t_user_pay_category.updated_at IS '更新日';


--
-- Name: user_pay_category_seq; Type: SEQUENCE; Schema: public; Owner: postgres
--

CREATE SEQUENCE public.user_pay_category_seq
    START WITH 1
    INCREMENT BY 1
    NO MINVALUE
    NO MAXVALUE
    CACHE 1;


ALTER TABLE public.user_pay_category_seq OWNER TO postgres;

--
-- Name: user_seq; Type: SEQUENCE; Schema: public; Owner: kakeibot
--

CREATE SEQUENCE public.user_seq
    START WITH 1
    INCREMENT BY 1
    NO MINVALUE
    NO MAXVALUE
    CACHE 1;


ALTER TABLE public.user_seq OWNER TO kakeibot;

--
-- Name: v_onetime_pass; Type: TABLE; Schema: public; Owner: kakeibot
--

CREATE TABLE public.v_onetime_pass (
    id character varying(256) NOT NULL,
    onetime_password character varying(256) NOT NULL,
    line_id character varying(256) NOT NULL,
    use_flag character varying(1) NOT NULL,
    created_at character varying(14) NOT NULL,
    updated_at character varying(14) NOT NULL
);


ALTER TABLE public.v_onetime_pass OWNER TO kakeibot;

--
-- Name: TABLE v_onetime_pass; Type: COMMENT; Schema: public; Owner: kakeibot
--

COMMENT ON TABLE public.v_onetime_pass IS 'ワンタイムパスワード';


--
-- Name: COLUMN v_onetime_pass.id; Type: COMMENT; Schema: public; Owner: kakeibot
--

COMMENT ON COLUMN public.v_onetime_pass.id IS 'ID';


--
-- Name: COLUMN v_onetime_pass.onetime_password; Type: COMMENT; Schema: public; Owner: kakeibot
--

COMMENT ON COLUMN public.v_onetime_pass.onetime_password IS 'ワンタイムトークン';


--
-- Name: COLUMN v_onetime_pass.line_id; Type: COMMENT; Schema: public; Owner: kakeibot
--

COMMENT ON COLUMN public.v_onetime_pass.line_id IS 'LINEID';


--
-- Name: COLUMN v_onetime_pass.use_flag; Type: COMMENT; Schema: public; Owner: kakeibot
--

COMMENT ON COLUMN public.v_onetime_pass.use_flag IS '有効フラグ:0:使用済み1:使用可能';


--
-- Name: COLUMN v_onetime_pass.created_at; Type: COMMENT; Schema: public; Owner: kakeibot
--

COMMENT ON COLUMN public.v_onetime_pass.created_at IS '作成日';


--
-- Name: COLUMN v_onetime_pass.updated_at; Type: COMMENT; Schema: public; Owner: kakeibot
--

COMMENT ON COLUMN public.v_onetime_pass.updated_at IS '更新日';


--
-- Name: v_password; Type: TABLE; Schema: public; Owner: kakeibot
--

CREATE TABLE public.v_password (
    user_id character varying(25) NOT NULL,
    password character varying(25) NOT NULL,
    created_at character varying(14) NOT NULL,
    updated_at character varying(14) NOT NULL
);


ALTER TABLE public.v_password OWNER TO kakeibot;

--
-- Name: TABLE v_password; Type: COMMENT; Schema: public; Owner: kakeibot
--

COMMENT ON TABLE public.v_password IS 'パスワード';


--
-- Name: COLUMN v_password.user_id; Type: COMMENT; Schema: public; Owner: kakeibot
--

COMMENT ON COLUMN public.v_password.user_id IS 'ユーザーID';


--
-- Name: COLUMN v_password.password; Type: COMMENT; Schema: public; Owner: kakeibot
--

COMMENT ON COLUMN public.v_password.password IS 'パスワード';


--
-- Name: COLUMN v_password.created_at; Type: COMMENT; Schema: public; Owner: kakeibot
--

COMMENT ON COLUMN public.v_password.created_at IS '作成日';


--
-- Name: COLUMN v_password.updated_at; Type: COMMENT; Schema: public; Owner: kakeibot
--

COMMENT ON COLUMN public.v_password.updated_at IS '更新日';


--
-- Data for Name: m_user; Type: TABLE DATA; Schema: public; Owner: kakeibot
--

COPY public.m_user (id, user_id, line_id, created_at, updated_at) FROM stdin;
5	test	U3b0d76965b2caa7f9a6bd40af81c028a	20180408174358	20180408174658
\.


--
-- Data for Name: t_budget; Type: TABLE DATA; Schema: public; Owner: kakeibot
--

COPY public.t_budget (id, line_id, category_id, price, created_at, updated_at) FROM stdin;
3	U3b0d76965b2caa7f9a6bd40af81c028a	3	0	20180408174358	20180408174358
4	U3b0d76965b2caa7f9a6bd40af81c028a	4	0	20180408174358	20180408174358
5	U3b0d76965b2caa7f9a6bd40af81c028a	5	0	20180408174358	20180408174358
6	U3b0d76965b2caa7f9a6bd40af81c028a	6	0	20180408174358	20180408174358
7	U3b0d76965b2caa7f9a6bd40af81c028a	7	0	20180408174358	20180408174358
8	U3b0d76965b2caa7f9a6bd40af81c028a	8	0	20180408174358	20180408174358
9	U3b0d76965b2caa7f9a6bd40af81c028a	9	0	20180408174358	20180408174358
2	U3b0d76965b2caa7f9a6bd40af81c028a	2	0	20180408174358	20180408174358
\.


--
-- Data for Name: t_payment; Type: TABLE DATA; Schema: public; Owner: kakeibot
--

COPY public.t_payment (id, line_id, category_id, price, created_at, updated_at) FROM stdin;
1	U3b0d76965b2caa7f9a6bd40af81c028a	3	200	20170724144024	20170724144024
2	U3b0d76965b2caa7f9a6bd40af81c028a	2	200	20170824144255	20170824144255
3	U3b0d76965b2caa7f9a6bd40af81c028a	3	240	20170824145144	20170824145144
7	U3b0d76965b2caa7f9a6bd40af81c028a	2	2800	20170827113217	20170827113217
8	Ue2f2b067bb6a96f740d6cf5f85a184b4	4	2000	20170829231514	20170829231514
9	U3b0d76965b2caa7f9a6bd40af81c028a	3	160	20170830113647	20170830113647
10	U3b0d76965b2caa7f9a6bd40af81c028a	3	680	20170830113840	20170830113840
11	U3b0d76965b2caa7f9a6bd40af81c028a	3	100	20170830150341	20170830150341
12	test02	3	500	20170830153107	20170830153107
13	test02	2	500	20170830153144	20170830153144
14	U3b0d76965b2caa7f9a6bd40af81c028a	3	200	20170831100818	20170831100818
15	U3b0d76965b2caa7f9a6bd40af81c028a	3	380	20170901194611	20170901194611
16	U3b0d76965b2caa7f9a6bd40af81c028a	6	1080	20170901194616	20170901194616
17	U3b0d76965b2caa7f9a6bd40af81c028a	3	630	20170901202322	20170901202322
18	U3b0d76965b2caa7f9a6bd40af81c028a	2	2200	20170902214007	20170902214007
19	U3b0d76965b2caa7f9a6bd40af81c028a	3	500	20170903100219	20170903100219
20	U3b0d76965b2caa7f9a6bd40af81c028a	4	1500	20170903200708	20170903200708
21	U3b0d76965b2caa7f9a6bd40af81c028a	3	300	20170904122818	20170904122818
22	U3b0d76965b2caa7f9a6bd40af81c028a	3	507	20170904123242	20170904123242
23	Ue8b0522136d69130abdee718d0e2c584	2	60	20170906121347	20170906121347
24	U3b0d76965b2caa7f9a6bd40af81c028a	3	250	20170907123100	20170907123100
25	U3b0d76965b2caa7f9a6bd40af81c028a	3	150	20170908094618	20170908094618
26	U3b0d76965b2caa7f9a6bd40af81c028a	4	3000	20170908230126	20170908230126
27	U3b0d76965b2caa7f9a6bd40af81c028a	2	1918	20170910111917	20170910111917
28	U3b0d76965b2caa7f9a6bd40af81c028a	3	203	20170910112140	20170910112140
29	U3b0d76965b2caa7f9a6bd40af81c028a	3	108	20170911093303	20170911093303
30	U3b0d76965b2caa7f9a6bd40af81c028a	3	258	20170911094357	20170911094357
31	U3b0d76965b2caa7f9a6bd40af81c028a	3	108	20170912094222	20170912094222
32	U3b0d76965b2caa7f9a6bd40af81c028a	4	3500	20170912223028	20170912223028
33	U3b0d76965b2caa7f9a6bd40af81c028a	3	332	20170912224322	20170912224322
34	U3b0d76965b2caa7f9a6bd40af81c028a	3	108	20170913094417	20170913094417
35	U3b0d76965b2caa7f9a6bd40af81c028a	3	258	20170914124947	20170914124947
36	U3b0d76965b2caa7f9a6bd40af81c028a	3	108	20170915094402	20170915094402
37	U3b0d76965b2caa7f9a6bd40af81c028a	3	1000	20170916081715	20170916081715
38	U3b0d76965b2caa7f9a6bd40af81c028a	4	5000	20170917031728	20170917031728
39	U3b0d76965b2caa7f9a6bd40af81c028a	3	738	20170917214652	20170917214652
40	U3b0d76965b2caa7f9a6bd40af81c028a	5	6830	20170918135238	20170918135238
41	U3b0d76965b2caa7f9a6bd40af81c028a	7	2500	20170918173519	20170918173519
42	U3b0d76965b2caa7f9a6bd40af81c028a	3	772	20170918174303	20170918174303
43	U3b0d76965b2caa7f9a6bd40af81c028a	3	500	20170918213132	20170918213132
44	U3b0d76965b2caa7f9a6bd40af81c028a	3	244	20170919171704	20170919171704
45	U3b0d76965b2caa7f9a6bd40af81c028a	3	250	20170921071040	20170921071040
46	U3b0d76965b2caa7f9a6bd40af81c028a	3	258	20170921094817	20170921094817
47	U3b0d76965b2caa7f9a6bd40af81c028a	3	1240	20170922094752	20170922094752
48	U3b0d76965b2caa7f9a6bd40af81c028a	3	1500	20170923104933	20170923104933
49	U3b0d76965b2caa7f9a6bd40af81c028a	2	3000	20170924092811	20170924092811
50	U3b0d76965b2caa7f9a6bd40af81c028a	6	2580	20170924143046	20170924143046
51	U3b0d76965b2caa7f9a6bd40af81c028a	6	4100	20170924214512	20170924214512
52	U3b0d76965b2caa7f9a6bd40af81c028a	3	500	20170926114935	20170926114935
53	U3b0d76965b2caa7f9a6bd40af81c028a	3	216	20170927123439	20170927123439
54	U3b0d76965b2caa7f9a6bd40af81c028a	3	798	20170927125919	20170927125919
55	U3b0d76965b2caa7f9a6bd40af81c028a	3	216	20170928095154	20170928095154
56	U3b0d76965b2caa7f9a6bd40af81c028a	3	106	20170929214711	20170929214711
57	U3b0d76965b2caa7f9a6bd40af81c028a	8	3980	20170929214723	20170929214723
58	U3b0d76965b2caa7f9a6bd40af81c028a	2	1359	20170930172845	20170930172845
59	U3b0d76965b2caa7f9a6bd40af81c028a	4	3500	20170930234837	20170930234837
60	U3b0d76965b2caa7f9a6bd40af81c028a	3	500	20171001012701	20171001012701
61	U3b0d76965b2caa7f9a6bd40af81c028a	3	216	20171001111636	20171001111636
62	U3b0d76965b2caa7f9a6bd40af81c028a	6	3170	20171001204913	20171001204913
63	U3b0d76965b2caa7f9a6bd40af81c028a	3	108	20171002190518	20171002190518
64	U3b0d76965b2caa7f9a6bd40af81c028a	3	316	20171003142812	20171003142812
65	U3b0d76965b2caa7f9a6bd40af81c028a	3	216	20171004094608	20171004094608
66	U3b0d76965b2caa7f9a6bd40af81c028a	3	216	20171005094628	20171005094628
67	U3b0d76965b2caa7f9a6bd40af81c028a	3	108	20171006133140	20171006133140
68	U3b0d76965b2caa7f9a6bd40af81c028a	3	368	20171006190044	20171006190044
69	U1b31e59c740477fb69d6e0f684a58dd8	7	325	20171007000847	20171007000847
70	U1b31e59c740477fb69d6e0f684a58dd8	3	130	20171007000909	20171007000909
71	U3b0d76965b2caa7f9a6bd40af81c028a	3	400	20171007021033	20171007021033
72	U3b0d76965b2caa7f9a6bd40af81c028a	3	380	20171007105714	20171007105714
73	U3b0d76965b2caa7f9a6bd40af81c028a	2	4135	20171007183133	20171007183133
74	U3b0d76965b2caa7f9a6bd40af81c028a	3	350	20171008091534	20171008091534
75	U3b0d76965b2caa7f9a6bd40af81c028a	3	422	20171008202326	20171008202326
76	U1b31e59c740477fb69d6e0f684a58dd8	7	951	20171009111806	20171009111806
77	U1b31e59c740477fb69d6e0f684a58dd8	7	100	20171009111840	20171009111840
78	U3b0d76965b2caa7f9a6bd40af81c028a	8	797	20171012091031	20171012091031
79	U3b0d76965b2caa7f9a6bd40af81c028a	2	2800	20171012091041	20171012091041
80	U3b0d76965b2caa7f9a6bd40af81c028a	3	410	20171012091056	20171012091056
81	U3b0d76965b2caa7f9a6bd40af81c028a	3	510	20171015183138	20171015183138
82	U3b0d76965b2caa7f9a6bd40af81c028a	2	6000	20171015183453	20171015183453
83	U3b0d76965b2caa7f9a6bd40af81c028a	3	500	20171017090923	20171017090923
84	U3b0d76965b2caa7f9a6bd40af81c028a	3	108	20171017094636	20171017094636
85	U3b0d76965b2caa7f9a6bd40af81c028a	8	3000	20171017232515	20171017232515
86	U3b0d76965b2caa7f9a6bd40af81c028a	2	3000	20171017232524	20171017232524
87	U3b0d76965b2caa7f9a6bd40af81c028a	3	1000	20171018094834	20171018094834
88	U3b0d76965b2caa7f9a6bd40af81c028a	3	240	20171019104436	20171019104436
89	U3b0d76965b2caa7f9a6bd40af81c028a	2	400	20171020094741	20171020094741
90	U3b0d76965b2caa7f9a6bd40af81c028a	3	100	20171020094747	20171020094747
91	U3b0d76965b2caa7f9a6bd40af81c028a	2	3185	20171021103742	20171021103742
92	U3b0d76965b2caa7f9a6bd40af81c028a	8	4000	20171021230850	20171021230850
93	U3b0d76965b2caa7f9a6bd40af81c028a	4	7000	20171021230900	20171021230900
94	U3b0d76965b2caa7f9a6bd40af81c028a	3	500	20171021232214	20171021232214
95	Uf546fcd40d683ad21d7038894caf6de1	3	580000	20171022145848	20171022145848
96	Uf546fcd40d683ad21d7038894caf6de1	7	2000	20171022151021	20171022151021
97	Uf546fcd40d683ad21d7038894caf6de1	7	6000	20171022181748	20171022181748
98	U3b0d76965b2caa7f9a6bd40af81c028a	2	1000	20171022200033	20171022200033
99	U53409da4e25b6539916d69966dda7fbd	2	450	20171022221346	20171022221346
100	U53409da4e25b6539916d69966dda7fbd	3	266	20171023121924	20171023121924
101	Uf546fcd40d683ad21d7038894caf6de1	9	30000	20171023185305	20171023185305
102	Uf546fcd40d683ad21d7038894caf6de1	7	1500	20171023185321	20171023185321
103	U3b0d76965b2caa7f9a6bd40af81c028a	3	10	20171023194203	20171023194203
104	U3b0d76965b2caa7f9a6bd40af81c028a	3	236	20171024094831	20171024094831
105	U53409da4e25b6539916d69966dda7fbd	2	223	20171024180629	20171024180629
106	U53409da4e25b6539916d69966dda7fbd	2	416	20171024180643	20171024180643
107	Uf546fcd40d683ad21d7038894caf6de1	9	20000	20171024191257	20171024191257
108	U53409da4e25b6539916d69966dda7fbd	4	2000	20171024231703	20171024231703
109	Uf546fcd40d683ad21d7038894caf6de1	7	20000	20171025215307	20171025215307
110	U53409da4e25b6539916d69966dda7fbd	6	626	20171026161445	20171026161445
111	U53409da4e25b6539916d69966dda7fbd	2	808	20171026171426	20171026171426
112	U3b0d76965b2caa7f9a6bd40af81c028a	3	300	20171027093829	20171027093829
113	U53409da4e25b6539916d69966dda7fbd	6	130	20171027170315	20171027170315
114	U3b0d76965b2caa7f9a6bd40af81c028a	3	700	20171027235133	20171027235133
115	U53409da4e25b6539916d69966dda7fbd	4	252	20171028081219	20171028081219
116	U3b0d76965b2caa7f9a6bd40af81c028a	8	1200	20171028111134	20171028111134
117	U3b0d76965b2caa7f9a6bd40af81c028a	2	1200	20171028111140	20171028111140
118	U53409da4e25b6539916d69966dda7fbd	4	1000	20171029004600	20171029004600
119	U3b0d76965b2caa7f9a6bd40af81c028a	2	1600	20171029101452	20171029101452
120	U3b0d76965b2caa7f9a6bd40af81c028a	2	2500	20171029163518	20171029163518
121	U3b0d76965b2caa7f9a6bd40af81c028a	3	108	20171030094731	20171030094731
122	U53409da4e25b6539916d69966dda7fbd	6	250	20171031142332	20171031142332
123	U3b0d76965b2caa7f9a6bd40af81c028a	3	2000	20171101095102	20171101095102
124	U53409da4e25b6539916d69966dda7fbd	4	4550	20171101120425	20171101120425
125	U3b0d76965b2caa7f9a6bd40af81c028a	3	206	20171102094512	20171102094512
126	U53409da4e25b6539916d69966dda7fbd	6	120	20171102112959	20171102112959
127	U3b0d76965b2caa7f9a6bd40af81c028a	3	1000	20171103211729	20171103211729
128	U3b0d76965b2caa7f9a6bd40af81c028a	8	1400	20171104112912	20171104112912
129	U3b0d76965b2caa7f9a6bd40af81c028a	3	892	20171104120357	20171104120357
130	U53409da4e25b6539916d69966dda7fbd	7	650	20171104203450	20171104203450
131	U3b0d76965b2caa7f9a6bd40af81c028a	2	1600	20171104214055	20171104214055
132	U3b0d76965b2caa7f9a6bd40af81c028a	4	6000	20171106092103	20171106092103
133	U3b0d76965b2caa7f9a6bd40af81c028a	3	100	20171107203518	20171107203518
134	U3b0d76965b2caa7f9a6bd40af81c028a	2	2000	20171107214438	20171107214438
135	U3b0d76965b2caa7f9a6bd40af81c028a	3	869	20171108094650	20171108094650
136	U3b0d76965b2caa7f9a6bd40af81c028a	3	553	20171109223707	20171109223707
137	U3b0d76965b2caa7f9a6bd40af81c028a	3	108	20171109223715	20171109223715
138	U3b0d76965b2caa7f9a6bd40af81c028a	8	3200	20171111201103	20171111201103
139	U3b0d76965b2caa7f9a6bd40af81c028a	5	7100	20171111201120	20171111201120
140	U3b0d76965b2caa7f9a6bd40af81c028a	2	2593	20171111203511	20171111203511
141	U3b0d76965b2caa7f9a6bd40af81c028a	3	710	20171115081104	20171115081104
142	U3b0d76965b2caa7f9a6bd40af81c028a	3	662	20171115231417	20171115231417
143	U3b0d76965b2caa7f9a6bd40af81c028a	3	108	20171116122846	20171116122846
144	U3b0d76965b2caa7f9a6bd40af81c028a	4	10000	20171119160303	20171119160303
145	U3b0d76965b2caa7f9a6bd40af81c028a	2	2000	20171119160310	20171119160310
146	U3b0d76965b2caa7f9a6bd40af81c028a	3	354	20171120095202	20171120095202
147	U3b0d76965b2caa7f9a6bd40af81c028a	3	240	20171121103751	20171121103751
148	U3b0d76965b2caa7f9a6bd40af81c028a	2	690	20171121233004	20171121233004
149	U3b0d76965b2caa7f9a6bd40af81c028a	3	464	20171122095513	20171122095513
150	U3b0d76965b2caa7f9a6bd40af81c028a	6	2200	20171123160312	20171123160312
151	U3b0d76965b2caa7f9a6bd40af81c028a	6	5300	20171123161230	20171123161230
152	U3b0d76965b2caa7f9a6bd40af81c028a	3	680	20171123163140	20171123163140
153	U3b0d76965b2caa7f9a6bd40af81c028a	3	650	20171123193921	20171123193921
154	U3b0d76965b2caa7f9a6bd40af81c028a	3	452	20171124094911	20171124094911
155	U3b0d76965b2caa7f9a6bd40af81c028a	4	2500	20171125133249	20171125133249
156	U3b0d76965b2caa7f9a6bd40af81c028a	2	2300	20171125142256	20171125142256
157	U3b0d76965b2caa7f9a6bd40af81c028a	8	1200	20171125235235	20171125235235
158	U3b0d76965b2caa7f9a6bd40af81c028a	3	346	20171125235243	20171125235243
159	U3b0d76965b2caa7f9a6bd40af81c028a	2	2000	20171126183113	20171126183113
160	U3b0d76965b2caa7f9a6bd40af81c028a	3	216	20171127094707	20171127094707
161	U3b0d76965b2caa7f9a6bd40af81c028a	3	246	20171128094641	20171128094641
162	U3b0d76965b2caa7f9a6bd40af81c028a	3	246	20171129141501	20171129141501
163	U3b0d76965b2caa7f9a6bd40af81c028a	2	216	20171129200457	20171129200457
164	U3b0d76965b2caa7f9a6bd40af81c028a	3	216	20171201094736	20171201094736
165	U3b0d76965b2caa7f9a6bd40af81c028a	4	7000	20171201231843	20171201231843
166	U3b0d76965b2caa7f9a6bd40af81c028a	3	616	20171202002811	20171202002811
167	U3b0d76965b2caa7f9a6bd40af81c028a	8	1340	20171202124928	20171202124928
168	U3b0d76965b2caa7f9a6bd40af81c028a	2	3643	20171202131012	20171202131012
169	U3b0d76965b2caa7f9a6bd40af81c028a	3	400	20171203175530	20171203175530
170	U3b0d76965b2caa7f9a6bd40af81c028a	3	422	20171204094732	20171204094732
171	U3b0d76965b2caa7f9a6bd40af81c028a	3	422	20171205094844	20171205094844
172	U3b0d76965b2caa7f9a6bd40af81c028a	3	246	20171206094657	20171206094657
173	U3b0d76965b2caa7f9a6bd40af81c028a	3	341	20171206222804	20171206222804
174	U3b0d76965b2caa7f9a6bd40af81c028a	3	216	20171207094808	20171207094808
175	U3b0d76965b2caa7f9a6bd40af81c028a	2	1000	20171207221926	20171207221926
176	U3b0d76965b2caa7f9a6bd40af81c028a	3	334	20171208094650	20171208094650
177	U3b0d76965b2caa7f9a6bd40af81c028a	3	501	20171208210235	20171208210235
178	U3b0d76965b2caa7f9a6bd40af81c028a	3	200	20171209093014	20171209093014
179	U3b0d76965b2caa7f9a6bd40af81c028a	3	0	20171209131212	20171209131212
180	U3b0d76965b2caa7f9a6bd40af81c028a	8	1610	20171209135807	20171209135807
181	U3b0d76965b2caa7f9a6bd40af81c028a	3	2000	20171209213730	20171209213730
182	U3b0d76965b2caa7f9a6bd40af81c028a	3	160	20171210090444	20171210090444
183	U3b0d76965b2caa7f9a6bd40af81c028a	2	3000	20171210150018	20171210150018
184	U3b0d76965b2caa7f9a6bd40af81c028a	4	5000	20171210205158	20171210205158
185	U3b0d76965b2caa7f9a6bd40af81c028a	3	246	20171211094806	20171211094806
186	U3b0d76965b2caa7f9a6bd40af81c028a	3	712	20171212094912	20171212094912
187	U3b0d76965b2caa7f9a6bd40af81c028a	3	175	20171214095019	20171214095019
188	U3b0d76965b2caa7f9a6bd40af81c028a	3	300	20171214095027	20171214095027
189	U3b0d76965b2caa7f9a6bd40af81c028a	3	1014	20171215094850	20171215094850
190	U3b0d76965b2caa7f9a6bd40af81c028a	3	500	20171215222146	20171215222146
191	U3b0d76965b2caa7f9a6bd40af81c028a	4	6000	20171217184743	20171217184743
192	U3b0d76965b2caa7f9a6bd40af81c028a	2	2000	20171217190227	20171217190227
193	U3b0d76965b2caa7f9a6bd40af81c028a	3	216	20171218144415	20171218144415
194	U3b0d76965b2caa7f9a6bd40af81c028a	3	354	20171219095139	20171219095139
195	U3b0d76965b2caa7f9a6bd40af81c028a	3	246	20171221095006	20171221095006
196	U3b0d76965b2caa7f9a6bd40af81c028a	3	246	20171222094742	20171222094742
197	U3b0d76965b2caa7f9a6bd40af81c028a	2	1410	20171222200019	20171222200019
198	U3b0d76965b2caa7f9a6bd40af81c028a	6	500	20171223171945	20171223171945
199	U3b0d76965b2caa7f9a6bd40af81c028a	2	1412	20171223175342	20171223175342
200	U3b0d76965b2caa7f9a6bd40af81c028a	3	1400	20171224155441	20171224155441
201	U3b0d76965b2caa7f9a6bd40af81c028a	3	340	20171225113424	20171225113424
202	U3b0d76965b2caa7f9a6bd40af81c028a	3	108	20171226094605	20171226094605
203	U3b0d76965b2caa7f9a6bd40af81c028a	5	4200	20171226164831	20171226164831
204	U3b0d76965b2caa7f9a6bd40af81c028a	4	2100	20171227001450	20171227001450
205	U3b0d76965b2caa7f9a6bd40af81c028a	3	441	20171227003026	20171227003026
206	U3b0d76965b2caa7f9a6bd40af81c028a	3	216	20171227094549	20171227094549
207	U3b0d76965b2caa7f9a6bd40af81c028a	6	2000	20171231000552	20171231000552
208	U3b0d76965b2caa7f9a6bd40af81c028a	3	1300	20180102195545	20180102195545
209	U3b0d76965b2caa7f9a6bd40af81c028a	2	2750	20180103160033	20180103160033
210	U3b0d76965b2caa7f9a6bd40af81c028a	3	108	20180104201226	20180104201226
211	U3b0d76965b2caa7f9a6bd40af81c028a	3	1000	20180107133606	20180107133606
212	U3b0d76965b2caa7f9a6bd40af81c028a	2	3000	20180107210500	20180107210500
213	U3b0d76965b2caa7f9a6bd40af81c028a	3	449	20180108132945	20180108132945
214	U3b0d76965b2caa7f9a6bd40af81c028a	2	1000	20180108223454	20180108223454
215	U3b0d76965b2caa7f9a6bd40af81c028a	3	200	20180109132343	20180109132343
216	U3b0d76965b2caa7f9a6bd40af81c028a	6	2550	20180109132403	20180109132403
217	U3b0d76965b2caa7f9a6bd40af81c028a	3	600	20180113145218	20180113145218
218	Uf9f1ef029163e6ea54a70055255640e1	9	28000	20180113181658	20180113181658
219	U01b68994e64964ea212693e22671b20c	2	14	20180114152342	20180114152342
220	U3b0d76965b2caa7f9a6bd40af81c028a	2	2500	20180114175117	20180114175117
221	U3b0d76965b2caa7f9a6bd40af81c028a	4	10000	20180114175124	20180114175124
222	U3b0d76965b2caa7f9a6bd40af81c028a	8	3000	20180116142919	20180116142919
223	U3b0d76965b2caa7f9a6bd40af81c028a	7	2000	20180117114637	20180117114637
224	U3b0d76965b2caa7f9a6bd40af81c028a	8	2700	20180117114644	20180117114644
225	U3b0d76965b2caa7f9a6bd40af81c028a	2	2500	20180121150601	20180121150601
226	U3b0d76965b2caa7f9a6bd40af81c028a	3	250	20180121150610	20180121150610
227	U3b0d76965b2caa7f9a6bd40af81c028a	3	300	20180124202343	20180124202343
228	U3b0d76965b2caa7f9a6bd40af81c028a	2	2000	20180128212219	20180128212219
229	U3b0d76965b2caa7f9a6bd40af81c028a	3	700	20180128220449	20180128220449
230	U3b0d76965b2caa7f9a6bd40af81c028a	3	500	20180201203643	20180201203643
231	U3b0d76965b2caa7f9a6bd40af81c028a	3	1240	20180202212624	20180202212624
232	U3b0d76965b2caa7f9a6bd40af81c028a	3	1400	20180203215450	20180203215450
233	U3b0d76965b2caa7f9a6bd40af81c028a	2	3300	20180204123350	20180204123350
234	U3b0d76965b2caa7f9a6bd40af81c028a	3	108	20180205131817	20180205131817
235	U3b0d76965b2caa7f9a6bd40af81c028a	3	206	20180206095057	20180206095057
236	U3b0d76965b2caa7f9a6bd40af81c028a	3	897	20180206235007	20180206235007
237	U3b0d76965b2caa7f9a6bd40af81c028a	3	609	20180207232000	20180207232000
238	U3b0d76965b2caa7f9a6bd40af81c028a	3	200	20180208095144	20180208095144
239	U3b0d76965b2caa7f9a6bd40af81c028a	3	264	20180208122536	20180208122536
240	U3b0d76965b2caa7f9a6bd40af81c028a	3	639	20180208232740	20180208232740
241	U3b0d76965b2caa7f9a6bd40af81c028a	4	4000	20180210002425	20180210002425
242	U3b0d76965b2caa7f9a6bd40af81c028a	3	2000	20180210215543	20180210215543
243	U3b0d76965b2caa7f9a6bd40af81c028a	3	1000	20180211212317	20180211212317
244	U3b0d76965b2caa7f9a6bd40af81c028a	2	2500	20180212122824	20180212122824
245	U3b0d76965b2caa7f9a6bd40af81c028a	3	600	20180212193433	20180212193433
246	U3b0d76965b2caa7f9a6bd40af81c028a	6	3900	20180213142710	20180213142710
247	U3b0d76965b2caa7f9a6bd40af81c028a	3	544	20180214000552	20180214000552
248	U3b0d76965b2caa7f9a6bd40af81c028a	5	7400	20180214224756	20180214224756
249	U3b0d76965b2caa7f9a6bd40af81c028a	3	98	20180216094718	20180216094718
250	U3b0d76965b2caa7f9a6bd40af81c028a	3	1000	20180217193842	20180217193842
251	U3b0d76965b2caa7f9a6bd40af81c028a	2	3000	20180218134423	20180218134423
252	U3b0d76965b2caa7f9a6bd40af81c028a	3	206	20180219094957	20180219094957
253	U3b0d76965b2caa7f9a6bd40af81c028a	2	3000	20180221082636	20180221082636
254	U3b0d76965b2caa7f9a6bd40af81c028a	2	1300	20180221214512	20180221214512
255	U3b0d76965b2caa7f9a6bd40af81c028a	3	1015	20180223221913	20180223221913
256	U3b0d76965b2caa7f9a6bd40af81c028a	3	1270	20180224235222	20180224235222
257	U3b0d76965b2caa7f9a6bd40af81c028a	2	2568	20180225104039	20180225104039
258	U3b0d76965b2caa7f9a6bd40af81c028a	3	519	20180225133937	20180225133937
259	U3b0d76965b2caa7f9a6bd40af81c028a	3	2000	20180226204740	20180226204740
260	U3b0d76965b2caa7f9a6bd40af81c028a	3	216	20180227130347	20180227130347
261	U3b0d76965b2caa7f9a6bd40af81c028a	5	20000	20180304013141	20180304013141
262	U3b0d76965b2caa7f9a6bd40af81c028a	4	6000	20180304013146	20180304013146
263	U3b0d76965b2caa7f9a6bd40af81c028a	2	324	20180304140606	20180304140606
264	U3b0d76965b2caa7f9a6bd40af81c028a	2	2700	20180304142302	20180304142302
265	U3b0d76965b2caa7f9a6bd40af81c028a	3	200	20180306001717	20180306001717
266	U3b0d76965b2caa7f9a6bd40af81c028a	3	1000	20180306201029	20180306201029
267	U3b0d76965b2caa7f9a6bd40af81c028a	3	625	20180309202342	20180309202342
268	U3b0d76965b2caa7f9a6bd40af81c028a	3	1262	20180310184914	20180310184914
269	U3b0d76965b2caa7f9a6bd40af81c028a	2	3200	20180310233323	20180310233323
270	U3b0d76965b2caa7f9a6bd40af81c028a	2	3200	20180311124112	20180311124112
271	U3b0d76965b2caa7f9a6bd40af81c028a	5	20000	20180313235126	20180313235126
272	U3b0d76965b2caa7f9a6bd40af81c028a	4	8000	20180318143402	20180318143402
273	U3b0d76965b2caa7f9a6bd40af81c028a	2	3219	20180318183312	20180318183312
274	U3b0d76965b2caa7f9a6bd40af81c028a	2	325	20180321175814	20180321175814
275	U3b0d76965b2caa7f9a6bd40af81c028a	3	196	20180323120525	20180323120525
276	U3b0d76965b2caa7f9a6bd40af81c028a	3	429	20180324075605	20180324075605
277	U3b0d76965b2caa7f9a6bd40af81c028a	4	2800	20180324212710	20180324212710
278	U3b0d76965b2caa7f9a6bd40af81c028a	6	8000	20180324212722	20180324212722
279	U3b0d76965b2caa7f9a6bd40af81c028a	2	3700	20180325122710	20180325122710
280	U3b0d76965b2caa7f9a6bd40af81c028a	2	2994	20180325175135	20180325175135
281	U3b0d76965b2caa7f9a6bd40af81c028a	4	20000	20180329185158	20180329185158
282	U3b0d76965b2caa7f9a6bd40af81c028a	5	4800	20180330192946	20180330192946
283	U3b0d76965b2caa7f9a6bd40af81c028a	3	590	20180331120856	20180331120856
284	U3b0d76965b2caa7f9a6bd40af81c028a	2	3300	20180401093357	20180401093357
285	U3b0d76965b2caa7f9a6bd40af81c028a	3	200	20180402094740	20180402094740
286	U3b0d76965b2caa7f9a6bd40af81c028a	2	298	20180402202307	20180402202307
287	U3b0d76965b2caa7f9a6bd40af81c028a	3	298	20180403171229	20180403171229
288	U3b0d76965b2caa7f9a6bd40af81c028a	2	298	20180403200114	20180403200114
289	U3b0d76965b2caa7f9a6bd40af81c028a	2	3000	20180404115612	20180404115612
290	U3b0d76965b2caa7f9a6bd40af81c028a	2	398	20180404200223	20180404200223
291	U3b0d76965b2caa7f9a6bd40af81c028a	3	373	20180406094823	20180406094823
292	U3b0d76965b2caa7f9a6bd40af81c028a	4	4000	20180407155812	20180407155812
293	U3b0d76965b2caa7f9a6bd40af81c028a	2	2892	20180407164606	20180407164606
294	U3b0d76965b2caa7f9a6bd40af81c028a	5	5100	20180408174323	20180408174323
295	U3b0d76965b2caa7f9a6bd40af81c028a	4	4000	20180408174327	20180408174327
\.


--
-- Data for Name: t_user_pay_category; Type: TABLE DATA; Schema: public; Owner: kakeibot
--

COPY public.t_user_pay_category (id, line_id, name, created_at, updated_at) FROM stdin;
2	U3b0d76965b2caa7f9a6bd40af81c028a	スーパー	20180408174358	20180408174358
3	U3b0d76965b2caa7f9a6bd40af81c028a	コンビニ	20180408174358	20180408174358
4	U3b0d76965b2caa7f9a6bd40af81c028a	交際費	20180408174358	20180408174358
5	U3b0d76965b2caa7f9a6bd40af81c028a	趣味	20180408174358	20180408174358
6	U3b0d76965b2caa7f9a6bd40af81c028a	その他	20180408174358	20180408174358
7	U3b0d76965b2caa7f9a6bd40af81c028a	食費	20180408174358	20180408174358
8	U3b0d76965b2caa7f9a6bd40af81c028a	医療費	20180408174358	20180408174358
9	U3b0d76965b2caa7f9a6bd40af81c028a	パチンコ	20180408174358	20180408174358
\.


--
-- Data for Name: v_onetime_pass; Type: TABLE DATA; Schema: public; Owner: kakeibot
--

COPY public.v_onetime_pass (id, onetime_password, line_id, use_flag, created_at, updated_at) FROM stdin;
43	zRpYEvb0g2H8SSVZu3GYWLv6SJ	ujmnhy	0	20180408174358	20180408174409
\.


--
-- Data for Name: v_password; Type: TABLE DATA; Schema: public; Owner: kakeibot
--

COPY public.v_password (user_id, password, created_at, updated_at) FROM stdin;
test	p1p1p1p1	20180408174658	20180408174658
\.


--
-- Name: budget_seq; Type: SEQUENCE SET; Schema: public; Owner: postgres
--

SELECT pg_catalog.setval('public.budget_seq', 27, true);


--
-- Name: onetime_seq; Type: SEQUENCE SET; Schema: public; Owner: kakeibot
--

SELECT pg_catalog.setval('public.onetime_seq', 43, true);


--
-- Name: payment_seq; Type: SEQUENCE SET; Schema: public; Owner: kakeibot
--

SELECT pg_catalog.setval('public.payment_seq', 282, true);


--
-- Name: user_pay_category_seq; Type: SEQUENCE SET; Schema: public; Owner: postgres
--

SELECT pg_catalog.setval('public.user_pay_category_seq', 129, true);


--
-- Name: user_seq; Type: SEQUENCE SET; Schema: public; Owner: kakeibot
--

SELECT pg_catalog.setval('public.user_seq', 5, true);


--
-- Name: m_user m_user_pkc; Type: CONSTRAINT; Schema: public; Owner: kakeibot
--

ALTER TABLE ONLY public.m_user
    ADD CONSTRAINT m_user_pkc PRIMARY KEY (id);


--
-- Name: t_budget t_budget_pkc; Type: CONSTRAINT; Schema: public; Owner: kakeibot
--

ALTER TABLE ONLY public.t_budget
    ADD CONSTRAINT t_budget_pkc PRIMARY KEY (id);


--
-- Name: t_payment t_payment_pkc; Type: CONSTRAINT; Schema: public; Owner: kakeibot
--

ALTER TABLE ONLY public.t_payment
    ADD CONSTRAINT t_payment_pkc PRIMARY KEY (id);


--
-- Name: t_user_pay_category t_user_pay_category_pkc; Type: CONSTRAINT; Schema: public; Owner: kakeibot
--

ALTER TABLE ONLY public.t_user_pay_category
    ADD CONSTRAINT t_user_pay_category_pkc PRIMARY KEY (id);


--
-- Name: v_onetime_pass v_onetime_pass_pkc; Type: CONSTRAINT; Schema: public; Owner: kakeibot
--

ALTER TABLE ONLY public.v_onetime_pass
    ADD CONSTRAINT v_onetime_pass_pkc PRIMARY KEY (id);


--
-- Name: SEQUENCE budget_seq; Type: ACL; Schema: public; Owner: postgres
--

GRANT SELECT,USAGE ON SEQUENCE public.budget_seq TO kakeibot;


--
-- Name: SEQUENCE user_pay_category_seq; Type: ACL; Schema: public; Owner: postgres
--

GRANT SELECT,USAGE ON SEQUENCE public.user_pay_category_seq TO kakeibot;


--
-- PostgreSQL database dump complete
--

